month,total_revenue
2010-12,572713.8900000163
2011-01,569445.0400000077
2011-02,447137.3500000165
2011-03,595500.760000013
2011-04,469200.3610000132
2011-05,678594.5600000018
2011-06,661213.6900000116
2011-07,600091.0110000141
2011-08,645343.900000009
2011-09,952838.3819999964
2011-10,1039318.7899999822
2011-11,1161817.3799999433
2011-12,518192.7900000037
