Segment,customer_count,avg_recency,avg_frequency,avg_monetary
VIP,948,12.05393445244224,11.14873417721519,6069.311635021096
Loyal,501,36.817028442918215,5.145708582834331,1849.4281656686626
At Risk,662,150.04909680241414,3.4138972809667676,1250.7869652567977
Regular,846,38.510428979311435,1.842789598108747,877.0844089834516
Churn Risk,1073,216.32571839059088,1.1015843429636534,489.10845479962717
Potential Loyalist,308,17.55731646804738,1.2467532467532467,442.497435064935
